subject_id,session,decision_time,switch_frequency,confidence_value,confidence,onset_decks
136,1,0.802438999991864,0.85,0.6820731499930843,2,0.9876156999962404
136,1,0.9999860000098142,0.85,0.849988100008342,2,15.97607460001018
136,1,0.3497593000065535,0.85,0.29729540500557045,1,30.97680359997321
136,1,1.3488296999712477,0.85,1.1465052449755606,2,45.977654799993616
136,1,3.932400199992117,0.85,3.3425401699932995,2,60.97825129999546
136,1,0.7499998999992386,0.85,0.6374999149993528,2,75.99566539999796
136,1,1.7166337000089698,0.85,1.4591386450076242,2,90.99628979997942
136,1,0.4999873000197112,0.85,0.4249892050167545,2,105.99704449996352
136,1,2.1333107000100284,0.85,1.813314095008524,2,120.99776220001512
136,1,1.7991812999825925,0.85,1.5293041049852036,2,135.99847930000396
136,1,0.8002352999756113,0.85,0.6802000049792696,2,150.99910829996224
136,1,1.350143100018613,0.85,1.147621635015821,2,165.9998850999982
136,1,0.5500204000273072,0.85,0.46751734002321116,2,181.0005415999913
136,1,2.2335262999986583,0.85,1.8984973549988595,2,196.0012646999676
136,1,1.8332545000011464,0.85,1.5582663250009745,2,211.0019767999765
136,1,0.4167247000150382,0.85,0.35421599501278245,2,226.00271699996665
136,1,1.432173800014425,0.85,1.2173477300122613,2,241.00355009996565
136,1,0.7512086000060663,0.85,0.6385273100051563,2,256.004148899985
136,1,1.0168241000501437,0.85,0.8643004850426221,2,271.0047784000053
136,1,0.3834591999766412,0.85,0.325940319980145,2,286.00569630000973
136,1,4.466915099998005,0.85,3.796877834998304,2,301.00643700000364
136,1,0.5498883000109345,0.85,0.4674050550092943,2,316.00696480000624
136,1,1.465663600014523,0.85,1.2458140600123444,2,331.0075875999755
136,1,1.4334490000037476,0.85,1.2184316500031855,2,346.0084056999767
136,1,0.5168792000040412,0.85,0.439347320003435,2,361.0258273999789
136,1,0.3665928000118583,0.85,0.31160388001007955,1,376.0265915999771
136,1,1.882172800018452,0.85,1.5998468800156842,2,391.0274412999861
136,1,0.3657993000232977,0.85,0.31092940501980304,1,406.0278667999664
136,1,0.3834856000030413,0.85,0.3259627600025851,2,421.0284561999724
136,1,0.4167341000284636,0.85,0.35422398502419405,2,436.029364499962
136,1,0.3835288999835597,0.85,0.3259995649860257,2,451.0300967000076
136,1,0.366566100041382,0.85,0.3115811850351747,1,466.0307743999874
136,1,0.3668431999976178,0.85,0.3118167199979751,2,481.031460499973
136,1,0.5334334999788553,0.85,0.453418474982027,2,496.0321805999847
136,1,0.3834405999514279,0.85,0.3259245099587137,2,511.0329044999671
136,1,0.432387100008782,0.85,0.3675290350074647,2,526.0336191999959
136,1,0.3999787999782711,0.85,0.33998197998153046,2,541.0342996999971
136,1,0.3678598000551571,0.85,0.3126808300468835,2,556.0350765999756
136,1,0.9333539999788628,0.85,0.7933508999820333,2,571.0357759000035
136,1,1.6668015000177547,0.85,1.4167812750150914,2,586.0364682999789
136,2,0.5501018000068143,0.9,0.4950916200061329,2,1.002730900014285
136,2,0.3999578000511976,0.9,0.3599620200460778,2,15.981348700006492
136,2,0.3667468999628909,0.9,0.3300722099666018,2,30.982097500003874
136,2,1.015560199972242,0.9,0.9140041799750177,2,45.9827484000125
136,2,0.6668241999577731,0.9,0.6001417799619958,2,61.00011329998961
136,2,0.5497783999890089,0.9,0.494800559990108,2,76.00095740001416
136,2,0.4167642999673404,0.9,0.37508786997060634,2,91.00166559999344
136,2,0.9319677000166848,0.9,0.8387709300150163,2,106.0025716999662
136,2,0.3667145000072196,0.9,0.33004305000649764,2,121.00320659996942
136,2,0.466614099976141,0.9,0.4199526899785269,2,136.00376019999385
136,2,0.4334279999602592,0.9,0.3900851999642333,2,151.00438040000154
136,2,0.4000721000484191,0.9,0.36006489004357717,2,166.00517829996534
136,2,1.032454299973324,0.9,0.9292088699759916,2,181.0057800000068
136,2,0.3835588999791071,0.9,0.3452030099811964,2,196.0065956999897
136,2,1.1509588999906557,0.9,1.0358630099915902,2,211.00725919997785
136,2,0.3665986999985764,0.9,0.32993882999871876,2,226.00797069998225
136,2,0.5498798000044189,0.9,0.4948918200039771,2,241.00870579999173
136,2,0.4499531000037677,0.9,0.40495779000339094,2,256.0094040000113
136,2,0.3667660999926738,0.9,0.3300894899934064,2,271.0101428999915
136,2,0.3834273999673314,0.9,0.34508465997059823,2,286.0107668999699
136,2,0.349641399981919,0.9,0.31467725998372714,2,301.01157009997405
136,2,0.3834093999466859,0.9,0.3450684599520173,2,316.0122110999655
136,2,0.3499246999854222,0.9,0.31493222998688,2,331.01292559999274
136,2,0.4001260000513866,0.9,0.3601134000462479,2,346.0303006999893
136,2,0.3498041999992551,0.9,0.3148237799993296,2,361.0309416999808
136,2,0.3333045000326819,0.9,0.29997405002941374,1,376.03179159999127
136,2,0.366539099952206,0.9,0.3298851899569854,2,391.0324336999911
136,2,0.383254999993369,0.9,0.3449294999940321,2,406.0331740999827
136,2,0.816753700026311,0.9,0.73507833002368,2,421.0337854999816
136,2,0.3832250999985263,0.9,0.3449025899986737,2,436.0345021999674
136,2,1.733390600013081,0.9,1.560051540011773,2,451.03533649997553
136,2,0.3498125000041909,0.9,0.3148312500037718,2,466.0359792999807
136,2,0.3999547000275925,0.9,0.35995923002483327,2,481.0365522999782
136,2,0.4178262000204997,0.9,0.37604358001844973,2,496.0373888000031
136,2,0.4168544000131078,0.9,0.37516896001179706,2,511.0381639999687
136,2,0.3664410000201314,0.9,0.3297969000181183,2,526.0388037000084
136,2,0.4323947000084445,0.9,0.38915523000760005,2,541.039530900016
136,2,0.3330715000047348,0.9,0.2997643500042613,1,556.0402071999852
136,2,0.3832821000250987,0.9,0.34495389002258886,2,571.0410025999881
136,2,0.4166027999599466,0.9,0.37494251996395195,2,586.0416297999909
136,3,0.450127899996005,0.85,0.38260871499660426,2,1.0043902999605052
136,3,1.1332508999621498,0.85,0.9632632649678273,2,15.985175999987405
136,3,0.3670108999940529,0.85,0.311959264994945,2,31.01925759995356
136,3,0.4667167000006884,0.85,0.3967091950005851,2,46.0199094999698
136,3,0.3333093000110239,0.85,0.2833129050093703,1,61.02079129999038
136,3,0.366956400044728,0.85,0.3119129400380188,2,76.02148840000154
136,3,0.3668790000374429,0.85,0.31184715003182645,2,91.02233509998769
136,3,1.2153830000315793,0.85,1.0330755500268423,2,106.0230043999618
136,3,0.3833441999741036,0.85,0.32584256997798805,2,121.02366229996552
136,3,0.383211400010623,0.85,0.3257296900090295,2,136.0242173000006
136,3,0.3834970000316389,0.85,0.32597245002689307,2,151.02488879999146
136,3,0.3666562000289557,0.85,0.31165777002461237,2,166.0256010000012
136,3,0.3497221000143611,0.85,0.2972637850122069,1,181.026396900008
136,3,1.3488582000136375,0.85,1.1465294700115918,2,196.02714119997108
136,3,0.4000293000135286,0.85,0.3400249050114993,2,211.02777409995903
136,3,0.3843549000448547,0.85,0.3267016650381265,2,226.0284877999802
136,3,0.3835006000008434,0.85,0.3259755100007169,2,241.02920749998884
136,3,0.4000231000245549,0.85,0.3400196350208716,2,256.02976119995583
136,3,0.4333485999959519,0.85,0.3683463099965591,2,271.0305736999726
136,3,0.3667230000137351,0.85,0.3117145500116748,2,286.03136399999494
136,3,0.3833088999963365,0.85,0.325812564996886,2,301.03201259998605
136,3,0.3667387999594211,0.85,0.31172797996550794,2,316.03275589999976
136,3,1.1488469000323676,0.85,0.9765198650275124,2,331.0501116999658
136,3,0.2833048999891048,0.85,0.24080916499073907,1,346.0508563999901
136,3,0.4498824999900536,0.85,0.3824001249915455,2,361.05156870000064
136,3,0.35002249997342,0.85,0.297519124977407,1,376.0522848999826
136,3,1.082273599982727,0.85,0.919932559985318,2,391.0529795999755
136,3,0.3833174000028518,0.85,0.325819790002424,2,406.0537127999705
136,3,0.3668163000256754,0.85,0.31179385502182405,2,421.0544585000025
136,3,0.3666276999865661,0.85,0.31163354498858115,1,436.05514219996985
136,3,0.4999196000280221,0.85,0.42493166002381877,2,451.055879099993
136,3,0.6500318000326502,0.85,0.5525270300277526,2,466.0564681999968
136,3,2.0989258000045083,0.85,1.784086930003832,2,481.0572405999992
136,3,0.5832736999727786,0.85,0.49578264497686175,2,496.0579119999893
136,3,0.4167440999881364,0.85,0.35423248498991594,2,511.0587003999972
136,3,0.3833660000236705,0.85,0.3258611000201199,2,526.0594181999913
136,3,0.3666339000337757,0.85,0.3116388150287093,1,541.0599637999549
136,3,0.5000539000029676,0.85,0.4250458150025224,2,556.0607833999675
136,3,0.4335590000264346,0.85,0.3685251500224694,2,571.061520599993
136,3,0.2999382999842055,0.85,0.2549475549865747,1,586.0622298999806
136,4,0.7333533000200986,0.1,0.07333533000200985,1,0.9928680000011808
136,4,0.3498552999808453,0.1,0.03498552999808453,1,16.005945899989456
136,4,1.132251900038682,0.1,0.1132251900038682,1,31.00664999999572
136,4,1.2821687000105155,0.1,0.12821687000105156,1,46.007368299993686
136,4,0.6155729000456631,0.1,0.06155729000456631,1,61.00797179999063
136,4,0.96699990000343,0.1,0.096699990000343,1,76.00880920002237
136,4,1.3154675999539904,0.1,0.13154675999539905,1,91.00959820003482
136,4,0.3334017000161111,0.1,0.03334017000161111,1,106.01022420002846
136,4,0.333332200010787,0.1,0.0333332200010787,1,121.01099290000276
136,4,0.3493061999906786,0.1,0.03493061999906786,1,136.0116000000271
136,4,0.7822895999997854,0.1,0.07822895999997855,1,151.0122677999898
136,4,0.3998980000033043,0.1,0.03998980000033043,1,166.0131433000206
136,4,0.383518300019176,0.1,0.0383518300019176,1,181.0137494000373
136,4,0.3665120000368913,0.1,0.03665120000368913,1,196.01443929999368
136,4,0.3166876999894157,0.1,0.031668769998941575,1,211.0151329000364
136,4,0.3499111999990418,0.1,0.03499111999990418,1,226.015862500004
136,4,0.3167102999868803,0.1,0.03167102999868803,1,241.01652300002752
136,4,0.4342484999797875,0.1,0.04342484999797875,1,256.0172976000468
136,4,0.400100199971348,0.1,0.0400100199971348,1,271.01803100004327
136,4,0.3332702000043355,0.1,0.03332702000043355,1,286.0187215000042
136,4,0.4834164999774657,0.1,0.04834164999774657,1,301.0193579000188
136,4,0.3499543000361882,0.1,0.03499543000361882,1,316.05332180002006
136,4,0.3177697000210173,0.1,0.03177697000210173,1,331.05413860001136
136,4,0.3501710999989884,0.1,0.03501710999989884,1,346.05482630000915
136,4,0.3990405999938957,0.1,0.03990405999938957,1,361.0555556000327
136,4,0.3501199000166366,0.1,0.03501199000166366,1,376.056249300018
136,4,0.2999431999633088,0.1,0.029994319996330884,1,391.05704149999656
136,4,1.2489414000301622,0.1,0.12489414000301623,1,406.0577007000102
136,4,0.316642599995248,0.1,0.0316642599995248,1,421.0584553999943
136,4,0.3336362999979769,0.1,0.03336362999979769,1,436.0590938000241
136,4,0.3499742999556474,0.1,0.03499742999556474,1,451.0598343000165
136,4,0.3168787000468001,0.1,0.031687870004680006,1,466.060525900044
136,4,1.1823350000195203,0.1,0.11823350000195204,1,481.0612040000269
136,4,0.3503821000340394,0.1,0.035038210003403944,1,496.0619252999895
136,4,0.8988081999705173,0.1,0.08988081999705173,1,511.0626720000291
136,4,0.8832747000269592,0.1,0.08832747000269592,1,526.0633778999909
136,4,0.3168331999913789,0.1,0.03168331999913789,1,541.0641323000309
136,4,0.3333953999681398,0.1,0.03333953999681399,1,556.0647102000075
136,4,0.3833275000215508,0.1,0.03833275000215508,1,571.0655053000082
136,4,0.3336757000070064,0.1,0.03336757000070064,1,586.0661360000377
138,1,1.6856330999871714,0.575,0.9692390324926234,2,1.049203699978534
138,1,1.1000185000011695,0.575,0.6325106375006724,2,16.03704879997531
138,1,0.9166781000094448,0.575,0.5270899075054307,2,31.03762560000177
138,1,1.5826285000075586,0.575,0.9100113875043462,2,46.0384056000039
138,1,0.8502253000042401,0.575,0.48887954750243806,2,61.03912620001938
138,1,0.6167781999683943,0.575,0.3546474649818267,2,76.05653719999827
138,1,0.8490405999473154,0.575,0.4881983449697063,2,91.05720270000164
138,1,0.8168211000156589,0.575,0.4696721325090038,2,106.05785979999928
138,1,0.5333038000390076,0.575,0.30664968502242934,1,121.05858820001596
138,1,0.7500852000084706,0.575,0.43129899000487054,2,136.05930670001544
138,1,2.0001287999912165,0.575,1.1500740599949495,2,151.06010010000318
138,1,1.382141199952457,0.575,0.7947311899726628,2,166.0607528000255
138,1,1.4656502000289038,0.575,0.8427488650166196,2,181.06142049998743
138,1,1.482346399978269,0.575,0.8523491799875046,2,196.0621057000244
138,1,1.0988210000214167,0.575,0.6318220750123146,2,211.06289679999463
138,1,0.5000286000431515,0.575,0.2875164450248121,1,226.06355550000444
138,1,0.4157458000118197,0.575,0.2390538350067963,1,241.0642619999708
138,1,0.4997864999459125,0.575,0.28737723746889965,1,256.065030400001
138,1,0.9667123000253924,0.575,0.5558595725146006,2,271.06572199997026
138,1,0.5833303999970667,0.575,0.3354149799983133,2,286.0663973999908
138,1,0.7664764000219297,0.575,0.44072393001260957,2,301.06707849999657
138,1,0.8167435000068513,0.575,0.4696275125039394,2,316.06785599997966
138,1,0.5825193999917246,0.575,0.3349486549952416,2,331.0684850999969
138,1,1.6490433000144549,0.575,0.9481998975083115,2,346.06918869999936
138,1,0.6499571999884777,0.575,0.3737253899933746,2,361.1033244999708
138,1,0.5676806000410579,0.575,0.3264163450236083,2,376.1040544999996
138,1,0.2667874000035226,0.575,0.15340275500202546,1,391.1047937999829
138,1,1.0655997999710962,0.575,0.6127198849833803,2,406.1054473000113
138,1,1.2655573000083675,0.575,0.7276954475048113,2,421.1060871999944
138,1,0.633491899992805,0.575,0.36425784249586285,2,436.10683990002144
138,1,0.5166896999580786,0.575,0.29709657747589513,1,451.107482100022
138,1,0.5332756999996491,0.575,0.3066335274997982,1,466.1082438000012
138,1,3.465696499974001,0.575,1.9927754874850505,2,496.1096650999971
138,1,0.5000745999859648,0.575,0.28754289499192975,1,511.1103826999897
138,1,0.4667415000149049,0.575,0.2683763625085703,1,526.1111046000151
138,1,0.800049300014507,0.575,0.4600283475083415,2,541.1118952999823
138,1,0.7668375999783166,0.575,0.440931619987532,2,556.1125106000109
138,1,0.7833818000508468,0.575,0.45044453502923687,2,571.1133392999764
138,1,0.5167687999783084,0.575,0.2971420599875273,1,586.1138957000221
138,2,0.5664314000168815,0.4,0.22657256000675263,1,1.0016105999820866
138,2,1.2492537000216544,0.4,0.49970148000866177,2,15.983520600013437
138,2,1.0490228999988176,0.4,0.4196091599995271,2,30.98427660000744
138,2,0.450023700017482,0.4,0.1800094800069928,1,46.00175749999471
138,2,0.9663464000332168,0.4,0.38653856001328674,2,61.00247270002728
138,2,0.9654678999795578,0.4,0.3861871599918232,2,76.00310540001374
138,2,0.5666485000401735,0.4,0.22665940001606943,1,91.00389120000182
138,2,0.5499936999985948,0.4,0.21999747999943794,1,106.00449760002084
138,2,1.1001412000041595,0.4,0.4400564800016638,2,121.00516090000748
138,2,0.4501845000195317,0.4,0.1800738000078127,1,136.00596239999868
138,2,0.5001356999855489,0.4,0.20005427999421954,1,151.00659820000874
138,2,1.150318600004539,0.4,0.4601274400018156,2,166.0073729000287
138,2,0.7666521000210196,0.4,0.3066608400084079,1,181.0080443000188
138,2,0.8832446999731753,0.4,0.35329787998927015,2,196.00878989999185
138,2,1.166789399983827,0.4,0.4667157599935308,2,211.00938290002523
138,2,0.5337801999994838,0.4,0.21351207999979352,1,226.0101801999845
138,2,0.4667398000019598,0.4,0.18669592000078394,1,241.0110864000162
138,2,1.4667157999937783,0.4,0.5866863199975113,2,256.0115150000201
138,2,1.1322784000076354,0.4,0.45291136000305415,2,271.01229919999605
138,2,0.6335264000226744,0.4,0.25341056000906975,1,286.0129559999914
138,2,0.9846322999801488,0.4,0.3938529199920595,2,301.0136620000121
138,2,0.4997181000071578,0.4,0.19988724000286312,1,316.01443680003285
138,2,0.9843883999856188,0.4,0.39375535999424754,2,331.0150966999936
138,2,0.5666575999930501,0.4,0.22666303999722004,1,346.03255260002334
138,2,0.4831335999770092,0.4,0.1932534399908037,1,361.0331690000021
138,2,0.5999884000048041,0.4,0.23999536000192168,1,376.034070099995
138,2,0.533359500055667,0.4,0.21334380002226683,1,391.03445010003634
138,2,1.348990400030743,0.4,0.5395961600122973,2,406.0353841999895
138,2,1.3323750999988988,0.4,0.5329500399995596,2,421.0361130000092
138,2,0.7500796999665909,0.4,0.3000318799866364,1,436.03671439999016
138,2,1.316778699983843,0.4,0.5267114799935372,2,451.0374662000104
138,2,1.0820827999850735,0.4,0.4328331199940294,2,466.0382234000135
138,2,4.932339699997101,0.4,1.9729358799988406,2,481.0389271000168
138,2,0.8500066999695832,0.4,0.3400026799878333,2,496.0395987000084
138,2,0.4500494999811624,0.4,0.18001979999246498,1,511.0403213000391
138,2,1.281748300010804,0.4,0.5126993200043216,2,526.0414264000137
138,2,0.3167070000199601,0.4,0.12668280000798404,1,541.0415663000313
138,2,0.3665175999631174,0.4,0.14660703998524696,1,556.0424692000379
138,2,1.4990468999603763,0.4,0.5996187599841506,2,571.0431482000276
138,2,1.0166608999716118,0.4,0.40666435998864475,2,586.0438940000022
138,3,0.5672041000216268,0.525,0.2977821525113541,1,0.997203000006266
138,3,0.7001056000008248,0.525,0.367555440000433,2,15.976565000019036
138,3,1.1166745000518858,0.525,0.5862541125272401,2,30.97721719997935
138,3,1.7663776999688707,0.525,0.9273482924836571,2,45.9946824000217
138,3,0.6499911000137217,0.525,0.34124532750720393,2,60.99531269998988
138,3,1.2656926999916325,0.525,0.6644886674956071,2,75.99603700003354
138,3,0.6666365000419319,0.525,0.34998416252201425,2,90.99689820001367
138,3,0.8002092000097178,0.525,0.4201098300051019,2,105.9975116000278
138,3,1.332294199964963,0.525,0.6994544549816055,2,120.99816730001476
138,3,1.0000019000144675,0.525,0.5250009975075954,2,135.99903200002154
138,3,1.4989195999805816,0.525,0.7869327899898053,2,150.99965990002966
138,3,1.215343599964399,0.525,0.6380553899813094,2,166.00049980002223
138,3,0.6667198999785455,0.525,0.3500279474887364,2,181.0010924999952
138,3,0.5989232000429467,0.525,0.31443468002254704,2,196.0017482999829
138,3,0.6504349000169896,0.525,0.3414783225089195,2,211.00250280002365
138,3,0.4166634000139311,0.525,0.21874828500731383,1,226.00315200001933
138,3,0.6166388999554329,0.525,0.32373542247660225,2,241.00390970002627
138,3,1.665586200018879,0.525,0.8744327550099116,2,256.00467629998457
138,3,1.0987705999868922,0.525,0.5768545649931184,2,271.0054046000005
138,3,0.5167137999669649,0.525,0.2712747449826566,1,286.0059947000118
138,3,1.6822052000206895,0.525,0.8831577300108621,2,301.0067014999804
138,3,0.5668655000044964,0.525,0.2976043875023606,1,316.00755600002594
138,3,0.3499111999990418,0.525,0.18370337999949696,1,331.04143769998336
138,3,1.4989408999681473,0.525,0.7869439724832773,2,346.0422161000315
138,3,1.2821954000391995,0.525,0.6731525850205797,2,361.04289149999386
138,3,0.4164608999853958,0.525,0.2186419724923328,1,376.0436087999842
138,3,0.7009811000316972,0.525,0.36801507751664103,2,391.044379500032
138,3,0.715877000009641,0.525,0.37583542500506156,2,406.04501070000697
138,3,1.7155357000301592,0.525,0.9006562425158336,2,421.0457256999798
138,3,0.4497052000369876,0.525,0.2360952300194185,1,436.0464483000105
138,3,1.21544990001712,0.525,0.638111197508988,2,451.0472400999861
138,3,0.4499610000057146,0.525,0.23622952500300018,1,466.0478786000167
138,3,1.4155914000002667,0.525,0.74318548500014,2,481.0485114000039
138,3,0.3999572000466855,0.525,0.2099775300245099,1,496.0492681000033
138,3,0.31573600001866,0.525,0.1657614000097965,1,511.0501357000321
138,3,1.3323522999999111,0.525,0.6994849574999533,2,526.0506365000037
138,3,0.4834034999948926,0.525,0.2537868374973186,1,541.0513360000332
138,3,0.3167435000068508,0.525,0.16629033750359667,1,556.0522528000292
138,3,1.0821211999864315,0.525,0.5681136299928766,2,571.052810800029
138,3,0.5000769000034779,0.525,0.26254037250182594,1,586.0534281000146
138,4,0.5165960000013001,0.45,0.23246820000058507,1,0.994261000014376
138,4,1.4822893000091426,0.45,0.6670301850041142,2,15.976494700007606
138,4,0.4332528000231832,0.45,0.19496376001043245,1,31.010518399998546
138,4,1.2488566999672912,0.45,0.561985514985281,2,46.01127010001801
138,4,1.298897200031206,0.45,0.5845037400140427,2,61.01196139998501
138,4,0.4332973000127822,0.45,0.194983785005752,1,76.01266060001217
138,4,0.4834698999766258,0.45,0.21756145498948162,1,91.0133926999988
138,4,0.6504078999860354,0.45,0.29268355499371596,1,106.01405850000448
138,4,0.4001759999664358,0.45,0.18007919998489613,1,121.01482780004152
138,4,1.183284500031732,0.45,0.5324780250142794,2,136.01547199999914
138,4,0.998807099997066,0.45,0.4494631949986797,2,151.01624190004077
138,4,1.3322435999871232,0.45,0.5995096199942055,2,166.01691280002706
138,4,0.2999339000089094,0.45,0.13497025500400925,1,181.01776560000144
138,4,0.4164217999787072,0.45,0.18738980999041824,1,196.01848920003977
138,4,0.4999407000141223,0.45,0.22497331500635503,1,211.01905170001555
138,4,0.4333608000306412,0.45,0.19501236001378855,1,226.01977950002765
138,4,0.7666570000001229,0.45,0.34499565000005533,2,241.0204521000269
138,4,0.2834148000110872,0.45,0.12753666000498926,1,256.02122090000194
138,4,0.4167758999974469,0.45,0.1875491549988511,1,271.0219208000344
138,4,0.4333420999464579,0.45,0.19500394497590606,1,286.0225963999983
138,4,2.382408300007228,0.45,1.0720837350032526,2,301.0232660000329
138,4,0.2669897000305354,0.45,0.12014536501374093,1,316.0239542000345
138,4,1.4001564999925904,0.45,0.6300704249966657,2,331.0580329000368
138,4,1.0666386999655515,0.45,0.4799874149844982,2,346.0587182000163
138,4,0.5833914999966519,0.45,0.26252617499849334,1,361.059488400002
138,4,0.4001538999727927,0.45,0.18006925498775672,1,376.0601665999857
138,4,0.3332282000337729,0.45,0.14995269001519781,1,391.0609159999876
138,4,1.1489232999738306,0.45,0.5170154849882238,2,406.0615725000389
138,4,0.4334282000199891,0.45,0.1950426900089951,1,421.06232580001233
138,4,1.665848000033293,0.45,0.7496316000149819,2,436.0629512000014
138,4,0.3668885999941267,0.45,0.165099869997357,1,451.06381090002833
138,4,1.450146000017412,0.45,0.6525657000078354,2,466.0645054000197
138,4,0.4003088999888859,0.45,0.18013900499499866,1,481.0652314000181
138,4,0.9656018000096084,0.45,0.4345208100043238,2,496.0659180000075
138,4,0.2343197000445798,0.45,0.10544386502006091,1,511.06658330000937
138,4,0.8821895999717526,0.45,0.3969853199872887,2,526.0673437000369
138,4,0.5334171000286005,0.45,0.24003769501287026,1,541.068017099984
138,4,0.9323189000133424,0.45,0.41954350500600407,2,556.0687389000086
138,4,0.5001548000145704,0.45,0.22506966000655668,1,571.0694248999935
138,4,0.3338187999906949,0.45,0.1502184599958127,1,586.0701702000224
139,1,0.9111397999804468,0.525,0.4783483949897346,2,0.993168200016953
139,1,0.4666489000082947,0.525,0.24499067250435472,1,15.986532200011425
139,1,0.9489581999951042,0.525,0.49820305499742973,2,30.987163900048472
139,1,1.915532300015912,0.525,1.0056544575083537,2,45.98797660000855
139,1,0.5167760000331327,0.525,0.2713074000173947,1,60.98851590004051
139,1,2.5157801000168547,0.525,1.3207845525088489,2,76.00603520002915
139,1,2.216092999966349,0.525,1.1634488249823334,2,91.00674640003126
139,1,0.6168179999803982,0.525,0.3238294499897091,2,106.00744570000096
139,1,0.6167710999725244,0.525,0.3238048274855753,2,121.00817770004504
139,1,0.6168739999993704,0.525,0.32385884999966946,2,136.0088895999943
139,1,2.215624400007073,0.525,1.1632028100037133,2,151.00957049999852
139,1,0.6333667000290006,0.525,0.33251751751522535,2,166.01029300002847
139,1,0.5667175999842584,0.525,0.2975267399917357,1,181.01097030000528
139,1,1.232137899962254,0.525,0.6468723974801834,2,196.01175590005005
139,1,0.9489352999953552,0.525,0.4981910324975615,2,211.0123824000475
139,1,1.215448800008744,0.525,0.6381106200045906,2,226.01316590001807
139,1,1.1655835999990811,0.525,0.6119313899995176,2,241.01379729999465
139,1,0.566915700037498,0.525,0.29763074251968646,1,256.0145031000138
139,1,1.1321781000006013,0.525,0.5943935025003156,2,271.01526210003067
139,1,3.0329098000074737,0.525,1.5922776450039238,2,286.0159619000042
139,1,0.5332668999908492,0.525,0.27996512249519584,1,301.0166752000223
139,1,0.966660200036074,0.525,0.5074966050189389,2,316.0173881000373
139,1,0.7000373000046238,0.525,0.3675195825024275,2,331.01801910001086
139,1,1.1656380000058562,0.525,0.6119599500030745,2,346.0188237000257
139,1,2.065568499965593,0.525,1.0844234624819364,2,361.036240400048
139,1,1.0167142000282183,0.525,0.5337749550148146,2,376.03691470000194
139,1,0.7334186999942176,0.525,0.38504481749696423,2,391.0376126000192
139,1,0.2999206999666626,0.525,0.15745836748249786,1,421.0390055000317
139,1,0.7990017000120133,0.525,0.419475892506307,2,436.039716600033
139,1,0.6500908999586841,0.525,0.34129772247830914,2,451.0404377999948
139,1,1.8500117999502093,0.525,0.97125619497386,2,466.0412059000228
139,1,0.7500312000047415,0.525,0.3937663800024893,2,481.041889300046
139,1,0.767082200036441,0.525,0.40271815501913155,2,496.0425645000069
139,1,0.5845379999955185,0.525,0.3068824499976472,1,511.0432643000386
139,1,1.333443799987434,0.525,0.7000579949934029,2,526.0441336000222
139,1,1.3002429999760352,0.525,0.6826275749874186,2,541.0447624000371
139,1,0.4833934999769558,0.525,0.2537815874879018,1,571.0461855000467
139,1,0.6665487999562176,0.525,0.3499381199770143,2,586.0467912000022
139,2,1.1167206999962218,0.475,0.5304423324982054,2,0.9925038000219502
139,2,0.5999587000114828,0.475,0.2849803825054543,1,15.973495799989903
139,2,0.6499807999935037,0.475,0.30874087999691424,1,30.97418839996681
139,2,0.916777100006584,0.475,0.43546912250312736,2,60.992258100013714
139,2,0.6834076000377536,0.475,0.32461861001793296,2,75.993020599999
139,2,0.7012344000395387,0.475,0.3330863400187809,2,90.99370110000018
139,2,1.3334022999624722,0.475,0.6333660924821742,2,105.99434799997834
139,2,0.68420249997871,0.475,0.32499618748988723,2,120.99507549998816
139,2,0.5500433999695815,0.475,0.2612706149855512,1,135.99584960000357
139,2,0.8654048999887891,0.475,0.4110673274946748,2,150.9966186999809
139,2,1.250117500021588,0.475,0.5938058125102543,2,165.99724850000348
139,2,0.5169311999925696,0.475,0.24554231999647058,1,180.997892000014
139,2,0.4500331999734044,0.475,0.21376576998736707,1,195.99908320000395
139,2,0.4166949000209285,0.475,0.19793007750994104,1,210.99931069999
139,2,0.4000262999907704,0.475,0.19001249249561591,1,226.0000425999752
139,2,0.7484740000218153,0.475,0.3555251500103623,2,241.0011530999909
139,2,0.9320246999850496,0.475,0.4427117324928985,2,256.0016990000149
139,2,1.1167647000402212,0.475,0.5304632325191051,2,271.0026088000159
139,2,0.3666553999646567,0.475,0.1741613149832119,1,286.0032234999817
139,2,0.3500123000121675,0.475,0.16625584250577954,1,301.0038666999899
139,2,0.4501561000361107,0.475,0.21382414751715256,1,316.0043628999847
139,2,0.3998616000171751,0.475,0.18993426000815816,1,331.0052314000204
139,2,0.3834212999790907,0.475,0.18212511749006807,1,346.005792299984
139,2,0.5002611999516375,0.475,0.2376240699770278,1,361.0231118000229
139,2,0.3664883999736616,0.475,0.17408198998748925,1,376.023847399978
139,2,0.9321523000253364,0.475,0.4427723425120348,2,391.0244986999896
139,2,0.4164691999903878,0.475,0.1978228699954342,1,406.0252857999876
139,2,0.4166566000203602,0.475,0.19791188500967108,1,421.025993200019
139,2,0.3000838999869302,0.475,0.14253985249379184,1,436.0267101000063
139,2,2.3000780000002123,0.475,1.0925370500001008,2,451.0274727999931
139,2,1.048819400020875,0.475,0.49818921500991564,2,466.0281887999736
139,2,0.6987543000141159,0.475,0.331908292506705,2,481.0289760999731
139,2,0.5821840999997221,0.475,0.27653744749986797,1,496.0295889999834
139,2,0.4499099000240676,0.475,0.2137072025114321,1,511.03049849998206
139,2,0.5166966999531724,0.475,0.24543093247775685,1,526.0310219000094
139,2,0.4169196999864661,0.475,0.1980368574935714,1,541.0316186000127
139,2,0.4347309999866411,0.475,0.20649722499365453,1,556.0323448000127
139,2,1.2321461999672465,0.475,0.5852694449844421,2,571.0331074999995
139,2,0.516695800004527,0.475,0.2454305050021503,1,586.0338370999671
139,3,2.730930699966848,0.15,0.40963960499502716,2,1.0010148999863304
139,3,0.8155222000204958,0.15,0.12232833000307436,1,15.983726599952206
139,3,0.500082800048407,0.15,0.07501242000726105,1,30.984441999986306
139,3,0.6166417999775149,0.15,0.09249626999662723,1,46.01855969999451
139,3,0.4498922000057066,0.15,0.06748383000085599,1,61.019260599976406
139,3,0.4666349000181071,0.15,0.06999523500271607,1,76.01994319999358
139,3,0.9656122999731452,0.15,0.14484184499597177,1,91.02055499999553
139,3,0.6499914000160061,0.15,0.09749871000240092,1,106.02135509997606
139,3,0.4667263999581337,0.15,0.07000895999372005,1,121.02211349998834
139,3,0.5666751000098882,0.15,0.08500126500148322,1,136.0227732999483
139,3,0.4007930999505333,0.15,0.060118964992579994,1,151.02356159995543
139,3,0.4334337000036612,0.15,0.06501505500054917,1,166.02410249999957
139,3,0.4166990999947302,0.15,0.06250486499920953,1,181.0246824999922
139,3,0.516609700047411,0.15,0.07749145500711165,1,196.02558689995203
139,3,0.583448799967301,0.15,0.08751731999509516,1,211.02629049995448
139,3,0.3998941000318154,0.15,0.05998411500477231,1,226.02695079997648
139,3,0.9656918999971822,0.15,0.14485378499957732,1,241.02773689996684
139,3,1.1155344999860972,0.15,0.16733017499791458,1,256.02836429997114
139,3,0.832111400028225,0.15,0.12481671000423375,1,271.02911899995524
139,3,0.5665498999878764,0.15,0.08498248499818147,1,286.0297850999632
139,3,0.5669341000030386,0.15,0.08504011500045579,1,301.0305364999804
139,3,1.198871099972166,0.15,0.17983066499582487,1,316.0312556999852
139,3,1.048715099983383,0.15,0.15730726499750744,1,331.031966599985
139,3,0.5167421000078318,0.15,0.07751131500117477,1,346.066019699967
139,3,0.5167311999830417,0.15,0.07750967999745625,1,361.0666454999591
139,3,0.4166273999726968,0.15,0.06249410999590452,1,376.0673713999568
139,3,0.6164657999761971,0.15,0.09246986999642956,1,391.0681105999975
139,3,0.4499690000084229,0.15,0.06749535000126343,1,406.0687748999917
139,3,0.8655522000044584,0.15,0.12983283000066875,1,421.0695123999613
139,3,0.6501842000288889,0.15,0.09752763000433333,1,436.07016519998433
139,3,0.5832796000177041,0.15,0.0874919400026556,1,451.0709144999855
139,3,0.5163565000402173,0.15,0.07745347500603258,1,466.0716193999978
139,3,0.5833550000097605,0.15,0.08750325000146407,1,481.07234569999855
139,3,0.8655364000005648,0.15,0.12983046000008472,1,496.0730567999999
139,3,1.198907500016503,0.15,0.17983612500247545,1,511.0737566999742
139,3,0.9491289000143296,0.15,0.14236933500214943,1,526.0744968999643
139,3,0.4666465000482278,0.15,0.06999697500723416,1,541.0751922999625
139,3,0.4333836000296287,0.15,0.06500754000444431,1,556.075868999993
139,3,0.4501111000427047,0.15,0.0675166650064057,1,571.0765962000005
139,3,0.8155051999492571,0.15,0.12232577999238856,1,586.0773909999989
139,4,0.8484596000052989,0.25,0.2121149000013247,1,0.9899934999994002
139,4,0.4334228999796323,0.25,0.10835572499490807,1,15.973562100029085
139,4,0.3833115000161413,0.25,0.09582787500403532,1,30.97427609999432
139,4,0.6168432999984361,0.25,0.15421082499960903,1,45.99161100003403
139,4,0.4167566000251093,0.25,0.10418915000627732,1,60.99237590003759
139,4,0.5172336000250652,0.25,0.1293084000062663,1,75.99305069999536
139,4,0.3667965999920852,0.25,0.0916991499980213,1,90.9935717000044
139,4,0.4661868999828584,0.25,0.1165467249957146,1,105.99446130002616
139,4,0.3661988999811143,0.25,0.09154972499527858,1,120.99516630003929
139,4,0.8321684999973513,0.25,0.20804212499933783,1,135.9958184999996
139,4,0.3176047999877482,0.25,0.07940119999693705,1,150.996586400026
139,4,0.383421599981375,0.25,0.09585539999534375,1,165.9973164999974
139,4,0.5333779999637043,0.25,0.13334449999092607,1,180.9979819
139,4,0.3499264999991283,0.25,0.08748162499978207,1,195.9986854000017
139,4,0.7501916999463276,0.25,0.1875479249865819,1,210.9994379000273
139,4,0.4499594999942926,0.25,0.11248987499857314,1,226.00016500003403
139,4,1.065647599985823,0.25,0.26641189999645576,1,241.00086840003496
139,4,0.3166815000004135,0.25,0.07917037500010338,1,256.00158999999985
139,4,0.4170008000219241,0.25,0.10425020000548102,1,271.00231760001043
139,4,0.333372999972255,0.25,0.08334324999306375,1,286.00303240004
139,4,0.400069100025519,0.25,0.10001727500637975,1,301.0037258000229
139,4,0.3998138000024482,0.25,0.09995345000061205,1,316.00435890001245
139,4,0.815561399969738,0.25,0.2038903499924345,1,331.0384718000423
139,4,0.9488065000041388,0.25,0.2372016250010347,1,346.0391740000341
139,4,0.5167084999848157,0.25,0.12917712499620393,1,361.0400666000205
139,4,1.0823110000346787,0.25,0.2705777500086697,1,376.04053040000144
139,4,0.4833417000481859,0.25,0.12083542501204647,1,391.04132600000594
139,4,0.5498853999888529,0.25,0.13747134999721322,1,406.04204369999934
139,4,1.5333077000104822,0.25,0.38332692500262056,2,421.0426880000159
139,4,1.0989687000401318,0.25,0.27474217501003295,1,436.0433882999933
139,4,0.4499941999674204,0.25,0.1124985499918551,1,451.0441086000064
139,4,0.8652929000090808,0.25,0.2163232250022702,1,466.0448391000391
139,4,0.5009720000089715,0.25,0.12524300000224287,1,481.0455763000064
139,4,0.8832146999775432,0.25,0.2208036749943858,1,496.0462605000357
139,4,0.4000267999945777,0.25,0.10000669999864442,1,511.0469595000032
139,4,0.3826725000399165,0.25,0.09566812500997912,1,526.0476674000383
139,4,0.8989150999695994,0.25,0.22472877499239985,1,541.0484173000441
139,4,0.7000970999943092,0.25,0.1750242749985773,1,556.0491460000048
139,4,0.6001471999916252,0.25,0.1500367999979063,1,571.0497958000051
139,4,0.8334526999969967,0.25,0.20836317499924917,1,586.050500900019
140,1,1.4328386000124738,0.5,0.7164193000062369,2,0.9871882000006736
140,1,1.8489188000094143,0.5,0.9244594000047072,2,15.975827899994329
140,1,0.9167343999724836,0.5,0.4583671999862418,2,30.976472300011665
140,1,1.0666786000365391,0.5,0.5333393000182696,2,60.97788830008358
140,1,0.5992710000136865,0.5,0.29963550000684325,1,76.01202700007707
140,1,0.3666709000244879,0.5,0.18333545001224394,1,91.01265000004788
140,1,1.6323750000447037,0.5,0.8161875000223519,2,106.01334780000616
140,1,0.4343329999828853,0.5,0.21716649999144266,1,121.01403500000016
140,1,1.93228450010065,0.5,0.966142250050325,2,136.01478319999296
140,1,0.2998390999855473,0.5,0.14991954999277365,1,151.01547920005396
140,1,1.99911209999118,0.5,0.99955604999559,2,166.01620160008315
140,1,0.9819216999458148,0.5,0.4909608499729074,2,181.01728700008243
140,1,1.1665040999650955,0.5,0.5832520499825478,2,196.0176193000516
140,1,0.3669049000600353,0.5,0.18345245003001764,1,211.01836460002232
140,1,0.3502166999969347,0.5,0.17510834999846736,1,226.01910370006223
140,1,0.3666269000386821,0.5,0.18331345001934105,1,241.0198671000544
140,1,0.3999782999744639,0.5,0.19998914998723194,1,256.020666000084
140,1,0.8830512999556956,0.5,0.4415256499778478,2,271.02128320001066
140,1,1.08212470007129,0.5,0.541062350035645,2,286.0218510000268
140,1,0.6656736999284476,0.5,0.3328368499642238,2,301.02256190008484
140,1,0.2666160999797284,0.5,0.1333080499898642,1,316.0232995999977
140,1,0.6822022999403998,0.5,0.3411011499701999,2,331.0239806000609
140,1,0.3167591999517752,0.5,0.1583795999758876,1,346.0246823000489
140,1,0.9489114000461998,0.5,0.4744557000230999,2,361.02538850007113
140,1,0.4166885000886394,0.5,0.2083442500443197,1,376.0427982000401
140,1,0.2501825999933658,0.5,0.1250912999966829,1,391.0435156000312
140,1,0.4000025999266654,0.5,0.2000012999633327,1,406.0441920000594
140,1,0.3333723999094786,0.5,0.1666861999547393,1,421.0449170999928
140,1,0.3157440000213682,0.5,0.1578720000106841,1,436.04561390005983
140,1,0.2999451999785378,0.5,0.1499725999892689,1,451.0463912000414
140,1,0.5822874999139458,0.5,0.2911437499569729,1,466.0470559000969
140,1,0.3176678000017998,0.5,0.1588339000008999,1,481.04779050010256
140,1,0.2999680999200222,0.5,0.1499840499600111,1,496.048489900073
140,1,0.3334123999811706,0.5,0.1667061999905853,1,511.0491917000618
140,1,0.4500539000146091,0.5,0.22502695000730455,1,526.0499087000499
140,1,0.2334430998889729,0.5,0.11672154994448646,1,541.0505873000948
140,1,0.3501461000414565,0.5,0.17507305002072826,1,556.0513096000068
140,1,0.3168207999551666,0.5,0.1584103999775833,1,571.0521513000131
140,1,0.766169200069271,0.5,0.3830846000346355,2,586.0529597999994
140,2,0.9778380000498146,0.475,0.4644730500236619,2,1.0029397999169305
140,2,3.665452799992636,0.475,1.741090079996502,2,15.982953099999577
140,2,0.3163002999499441,0.475,0.15024264247622343,1,30.983380899997428
140,2,0.2502453000051901,0.475,0.11886651750246528,1,45.9843666999368
140,2,0.2837013000389561,0.475,0.13475811751850414,1,61.00150729995221
140,2,0.3333351999754086,0.475,0.1583342199883191,1,76.00217919994611
140,2,0.2498577999649569,0.475,0.11868245498335453,1,91.00278819992673
140,2,0.6156640000408515,0.475,0.29244040001940447,1,106.00355079991276
140,2,0.2833029999164722,0.475,0.13456892496032427,1,121.00414550001732
140,2,0.2332679000683128,0.475,0.11080225253244858,1,136.0047180999536
140,2,0.2166771000484004,0.475,0.10292162252299018,1,151.00565409997944
140,2,1.3325407999800518,0.475,0.6329568799905246,2,166.00631219998468
140,2,0.266650300007285,0.475,0.12665889250346038,1,181.0070731999585
140,2,0.3333046999759403,0.475,0.15831973248857165,1,196.0076475000241
140,2,1.265595500008203,0.475,0.6011578625038965,2,211.0084042999661
140,2,0.3167644999921324,0.475,0.1504631374962629,1,226.0091902000131
140,2,0.4666691999882174,0.475,0.22166786999440324,1,241.0098449999932
140,2,0.3167414999334141,0.475,0.1504522124683717,1,256.0105376999127
140,2,0.3166272999951616,0.475,0.15039796749770176,1,271.0112788999686
140,2,0.6155281999381259,0.475,0.2923758949706098,1,286.0119691999862
140,2,0.2660402000183239,0.475,0.12636909500870386,1,301.0127240999136
140,2,0.2500334000215503,0.475,0.11876586501023638,1,316.0134320999496
140,2,0.3180898000719026,0.475,0.15109265503415373,1,331.014048299985
140,2,0.2998823999660658,0.475,0.14244413998388125,1,346.048180099926
140,2,0.2834902999456973,0.475,0.1346578924742062,1,361.04887709999457
140,2,0.6989984000101686,0.475,0.33202424000483005,2,376.0495146999601
140,2,0.6321598999202251,0.475,0.3002759524621069,1,391.0502235000022
140,2,0.3333895999239757,0.475,0.15836005996388847,1,406.0509824999608
140,2,0.7330756000010297,0.475,0.3482109100004891,2,421.0516729999799
140,2,0.2836671000113713,0.475,0.13474187250540137,1,436.0524073999841
140,2,1.432197400019504,0.475,0.6802937650092643,2,451.0530865999172
140,2,0.7989242000039667,0.475,0.37948899500188416,2,466.0538019000087
140,2,0.5821829000487924,0.475,0.27653687752317635,1,481.05453929991927
140,2,0.2667183999437839,0.475,0.12669123997329734,1,496.0552895999281
140,2,0.8321672000456601,0.475,0.39527942002168853,2,511.0559323999332
140,2,1.1155294000636786,0.475,0.5298764650302473,2,526.0566086999606
140,2,0.2500840999418872,0.475,0.1187899474723964,1,541.0573505000211
140,2,0.7167557000648228,0.475,0.3404589575307908,2,556.0581603000173
140,2,2.3499337000539526,0.475,1.1162185075256275,2,571.0587689999957
140,2,0.2667300000321122,0.475,0.1266967500152533,1,586.0595140999649
140,3,0.8166556999785826,0.1,0.08166556999785826,1,0.9988354999804868
140,3,0.2665887000039237,0.1,0.02665887000039237,1,15.983085299958477
140,3,0.433566399966363,0.1,0.043356639996636304,1,31.000569099909622
140,3,0.3166150000179186,0.1,0.03166150000179186,1,46.0014446999412
140,3,0.3002308999421075,0.1,0.03002308999421075,1,61.00237709993962
140,3,0.2833380999509245,0.1,0.028333809995092454,1,76.00265599996783
140,3,0.2831448999932036,0.1,0.02831448999932036,1,91.0033240999328
140,3,0.2000609000679105,0.1,0.02000609000679105,1,106.0038505999837
140,3,0.9488076000707224,0.1,0.09488076000707224,1,121.00473199994305
140,3,1.098723900038749,0.1,0.1098723900038749,1,136.0055873999372
140,3,0.2663428999949246,0.1,0.026634289999492463,1,151.0062556999037
140,3,0.2509382000425544,0.1,0.025093820004255443,1,166.006868599914
140,3,0.2833069999469444,0.1,0.028330699994694442,1,181.0075843000086
140,3,1.8822515999199825,0.1,0.18822515999199826,1,196.0082706999965
140,3,0.5497693000360755,0.1,0.05497693000360755,1,211.00895869999653
140,3,0.8819221999729052,0.1,0.08819221999729053,1,226.0099185999716
140,3,0.1999476000200957,0.1,0.019994760002009573,1,241.01035799994133
140,3,0.4833492999896407,0.1,0.04833492999896408,1,256.01115869998466
140,3,0.3323661999311298,0.1,0.03323661999311298,1,271.0118094999343
140,3,1.765640500001609,0.1,0.17656405000016093,1,286.012534199981
140,3,0.3499305000295862,0.1,0.034993050002958624,1,301.01329319993965
140,3,0.2666792999953031,0.1,0.026667929999530313,1,316.0139639999252
140,3,0.3165877000428734,0.1,0.031658770004287344,1,331.0313436000142
140,3,0.7154905999777839,0.1,0.07154905999777839,1,346.0320884999819
140,3,0.3835510999197709,0.1,0.03835510999197709,1,361.0327661999036
140,3,0.565688099944964,0.1,0.056568809994496407,1,376.0334599999478
140,3,0.8655601000646129,0.1,0.08655601000646129,1,391.03416179993656
140,3,0.632033999892883,0.1,0.0632033999892883,1,406.0349516000133
140,3,0.2330436999909579,0.1,0.02330436999909579,1,421.0355922000017
140,3,0.2328977000433951,0.1,0.023289770004339513,1,436.0363091999898
140,3,0.2834222000091699,0.1,0.02834222000091699,1,451.0369375000009
140,3,0.3167998000280931,0.1,0.03167998000280931,1,466.0377843999304
140,3,0.5322225000709295,0.1,0.05322225000709296,1,481.03845479991287
140,3,0.3330093000549823,0.1,0.03330093000549823,1,496.0391118999105
140,3,0.4330699000275331,0.1,0.043306990002753315,1,511.0398066999624
140,3,0.4666873000096527,0.1,0.046668730000965275,1,526.0405856999569
140,3,0.2000183999771252,0.1,0.02000183999771252,1,541.041215699981
140,3,0.5830503000179303,0.1,0.05830503000179304,1,556.0420247999718
140,3,0.1999647999182343,0.1,0.01999647999182343,1,571.0427525999257
140,3,0.2666387000354007,0.1,0.02666387000354007,1,586.0433640999254
140,4,0.9084480999736116,0.225,0.20440082249406263,1,0.9976060999324544
140,4,0.5832572000799701,0.225,0.13123287001799328,1,16.007957299938425
140,4,0.5326242999872193,0.225,0.11984046749712433,1,31.00869219994638
140,4,0.2334048000629991,0.225,0.0525160800141748,1,46.00927889999002
140,4,0.6166125999297947,0.225,0.1387378349842038,1,61.01022529997863
140,4,0.2667936999350786,0.225,0.06002858248539269,1,76.0109567999607
140,4,0.7154910999815911,0.225,0.160985497495858,1,91.01164979999884
140,4,0.2500443999888375,0.225,0.056259989997488435,1,106.01233259995934
140,4,0.4996691999258473,0.225,0.11242556998331564,1,121.01283869997133
140,4,0.2499065999872982,0.225,0.056228984997142094,1,136.01360449998174
140,4,0.5822426000377163,0.225,0.1310045850084862,1,151.0142754999688
140,4,0.565479899989441,0.225,0.12723297749762424,1,166.0149442999391
140,4,0.2666829000227436,0.225,0.06000365250511731,1,181.0156788999448
140,4,0.1833768000360578,0.225,0.041259780008113006,1,196.01640879991464
140,4,0.4499545999570102,0.225,0.10123978499032729,1,211.0171287999256
140,4,0.2666486999950734,0.225,0.059995957498891514,1,226.0178681999677
140,4,0.2500026000197692,0.225,0.05625058500444807,1,241.0185857999604
140,4,1.0822033999720588,0.225,0.24349576499371325,1,256.0192751999712
140,4,0.3166236999677494,0.225,0.07124033249274363,1,271.019939999911
140,4,0.2667495000641793,0.225,0.060018637514440344,1,286.0206524999812
140,4,0.7154093000572175,0.225,0.16096709251287394,1,301.02141149993986
140,4,0.1832808000035586,0.225,0.041238180000800685,1,316.05548989993986
140,4,0.7821914999512956,0.225,0.1759930874890415,1,331.05608809995465
140,4,-9.718055000063032,0.225,,2,346.0568701999728
140,4,8.826593999983743,0.225,1.9859836499963421,2,361.057567599928
140,4,0.58358680002857,0.225,0.13130703000642827,1,376.0582915999694
140,4,0.7000970001099633,0.225,0.15752182502474177,1,391.0589792999672
140,4,0.2665207999525592,0.225,0.05996717998932582,1,406.0596922999248
140,4,0.399929599952884,0.225,0.0899841599893989,1,421.0603619000176
140,4,0.448864600039087,0.225,0.10099453500879459,1,436.0611004999373
140,4,0.5333404999691993,0.225,0.12000161249306984,1,451.0618270999985
140,4,0.2501432999270037,0.225,0.05628224248357583,1,466.06253969995305
140,4,0.7655393000459298,0.225,0.17224634251033422,1,481.06324339995626
140,4,0.2165204000193625,0.225,0.04871709000435657,1,496.0639485999709
140,4,0.3000231999903917,0.225,0.06750521999783812,1,511.06466019991785
140,4,0.7321775000309572,0.225,0.16473993750696536,1,526.0653652999317
140,4,0.7822660999372602,0.225,0.17600987248588354,1,541.0660584999714
140,4,0.2666630999883637,0.225,0.05999919749738183,1,556.0669491000008
140,4,2.4667690000496805,0.225,0.5550230250111782,2,571.0675408999668
140,4,0.7821736000478268,0.225,0.17598906001076103,1,586.0681967999553
141,1,0.5335656000534073,0.575,0.30680022003070917,1,0.987820600043051
141,1,0.5665605999529362,0.575,0.3257723449729383,2,15.975475499988534
141,1,0.5833650999702544,0.575,0.3354349324828963,2,30.976137000019666
141,1,0.8500790999969463,0.575,0.4887954824982441,2,45.976908599957824
141,1,0.5165660999482498,0.575,0.2970255074702436,1,60.977568999980576
141,1,0.5157679000403732,0.575,0.29656654252321457,1,75.99484910001047
141,1,0.666749499971047,0.575,0.383380962483352,2,90.99564129998907
141,1,1.0999954000581056,0.575,0.6324973550334106,2,105.99632180004846
141,1,0.7000092000234872,0.575,0.4025052900135051,2,120.99702010001056
141,1,0.5998719000490382,0.575,0.344926342528197,2,135.9978063000599
141,1,0.5501237000571564,0.575,0.3163211275328649,2,150.99841680005193
141,1,1.498923699953593,0.575,0.8618811274733159,2,165.99916670005769
141,1,0.5658980999141932,0.575,0.32539140745066103,2,180.99985450005624
141,1,1.117206000024453,0.575,0.6423934500140605,2,196.00055050000083
141,1,1.2489074000623075,0.575,0.7181217550358268,2,211.00129970000123
141,1,1.932225800002925,0.575,1.1110298350016818,2,226.002032599994
141,1,0.666660699993372,0.575,0.38332990249618887,2,241.0027733000461
141,1,0.6500625000335276,0.575,0.37378593751927836,2,256.0034287000308
141,1,0.8501446000300343,0.575,0.4888331450172697,2,271.0042284000665
141,1,1.0655746000120416,0.575,0.6127053950069239,2,286.0049148000544
141,1,1.432758599985391,0.575,0.8238361949915997,2,301.0057625999907
141,1,0.9000555999809876,0.575,0.5175319699890678,2,316.0064113000408
141,1,0.9833719999296592,0.575,0.565438899959554,2,331.0069355999585
141,1,0.6005018999567255,0.575,0.3452885924751172,2,346.0076793000335
141,1,0.6834317999891364,0.575,0.3929732849937534,2,361.0251146999653
141,1,0.8333182999631958,0.575,0.4791580224788376,2,376.0257270999719
141,1,1.0822180999675766,0.575,0.6222754074813565,2,391.02657680003904
141,1,0.6831534000812667,0.575,0.3928132050467283,2,406.0272718999768
141,1,0.6000757999718758,0.575,0.34504358498382853,2,421.027967400034
141,1,0.5831956000765786,0.575,0.33533747004403264,2,436.0287089999765
141,1,0.566737600020133,0.575,0.32587412001157645,2,451.0293297000462
141,1,0.4833593999501318,0.575,0.27793165497132577,1,466.03012240002863
141,1,0.5501706999493761,0.575,0.3163481524708912,2,481.03073170001153
141,1,0.5166847000364214,0.575,0.2970937025209423,1,496.03142759995535
141,1,0.5334122999338433,0.575,0.30671207246195986,1,511.0321922999574
141,1,0.5834058999316767,0.575,0.33545839246071407,2,526.0328710000031
141,1,0.883200799929909,0.575,0.5078404599596976,2,541.0336440999527
141,1,0.5667314000893384,0.575,0.3258705550513696,2,556.0342346000252
141,1,0.7344090000260621,0.575,0.4222851750149857,2,571.0350121000083
141,1,0.533392500015907,0.575,0.3067006875091465,1,586.0357040000381
141,2,1.3449073999654502,0.7,0.941435179975815,2,1.0035061000380665
141,2,0.6666160000022501,0.7,0.46663120000157504,2,15.983646400040016
141,2,0.7000431000487843,0.7,0.490030170034149,2,30.98442330001853
141,2,0.6168359000002965,0.7,0.4317851300002076,2,46.00169790000655
141,2,0.5668259999947622,0.7,0.39677819999633357,2,61.00235850003082
141,2,0.766699800034985,0.7,0.5366898600244894,2,76.00300120003521
141,2,0.7333057000068948,0.7,0.5133139900048264,2,91.00430010003038
141,2,1.1488368000136688,0.7,0.8041857600095681,2,106.00454280001576
141,2,0.6833509999560192,0.7,0.47834569996921344,2,121.00599920004606
141,2,0.3832075999816593,0.7,0.2682453199871615,1,136.00582970003595
141,2,0.3999776999698952,0.7,0.2799843899789266,1,151.0075230000075
141,2,0.6001594999106599,0.7,0.42011164993746186,2,166.00725629995577
141,2,0.6999026000266895,0.7,0.4899318200186826,2,181.00791949999984
141,2,0.5834981000516275,0.7,0.4084486700361392,2,196.0086651999736
141,2,0.5833553000120446,0.7,0.4083487100084312,2,211.00936000002548
141,2,0.5833135000430332,0.7,0.4083194500301232,2,226.01004109997305
141,2,0.6833119000075385,0.7,0.4783183300052769,2,241.0108448000392
141,2,0.4332345000002533,0.7,0.3032641500001773,1,256.01145829993766
141,2,0.6833154999185354,0.7,0.4783208499429747,2,271.0121313999407
141,2,0.9498946000821888,0.7,0.6649262200575321,2,286.01284949993715
141,2,0.6998427999205887,0.7,0.4898899599444121,2,301.0136564000277
141,2,0.4834888000041248,0.7,0.33844216000288735,2,316.01429189997725
141,2,1.2155775999417529,0.7,0.850904319959227,2,331.01495480001904
141,2,0.9824005999835208,0.7,0.6876804199884645,2,346.0324082999723
141,2,0.667012199992314,0.7,0.46690853999461973,2,361.03317009995226
141,2,0.9154934999532998,0.7,0.6408454499673097,2,376.0338356000138
141,2,0.5500318000558764,0.7,0.38502226003911344,2,391.034544599941
141,2,0.716703400015831,0.7,0.5016923800110816,2,406.0352147000376
141,2,0.9154358999803662,0.7,0.6408051299862563,2,421.0359488000395
141,2,0.5666989999590442,0.7,0.3966892999713309,2,436.0364201000193
141,2,0.9331263999920338,0.7,0.6531884799944236,2,451.03736800001934
141,2,0.4990438999375328,0.7,0.34933072995627296,2,466.0380836999975
141,2,0.6501654000021517,0.7,0.45511578000150615,2,481.0389010999352
141,2,0.6169816999463928,0.7,0.431887189962475,2,496.0395026999759
141,2,0.4834370999596444,0.7,0.33840596997175104,2,511.040191499982
141,2,0.6834286000812426,0.7,0.4784000200568698,2,526.0409311000258
141,2,0.6833885000087321,0.7,0.47837195000611243,2,541.0415749000385
141,2,0.4667305999901148,0.7,0.32671141999308034,2,556.0425026000012
141,2,0.6833266000030562,0.7,0.4783286200021393,2,571.0429860999575
141,2,0.5665793999796733,0.7,0.3966055799857713,2,586.0437175999396
141,3,0.4832611000165342,0.1,0.048326110001653426,1,0.99386000004597
141,3,0.4667273000814016,0.1,0.046672730008140165,1,15.97778030007612
141,3,0.3833950000116601,0.1,0.03833950000116601,1,31.01191690005362
141,3,0.4508109999587759,0.1,0.04508109999587759,1,46.01265990000684
141,3,0.5174542999593541,0.1,0.05174542999593541,1,61.01337220007554
141,3,0.5500828000949696,0.1,0.05500828000949696,1,76.01405190001242
141,3,0.4666407000040635,0.1,0.04666407000040635,1,91.01482260006014
141,3,0.9324445000384004,0.1,0.09324445000384005,1,106.01547760004178
141,3,0.3833045000210404,0.1,0.03833045000210404,1,121.0162281000521
141,3,0.4166578999720514,0.1,0.04166578999720514,1,136.01705570006743
141,3,0.4663311999756843,0.1,0.04663311999756843,1,151.0176309000235
141,3,0.4500635999720543,0.1,0.04500635999720543,1,166.0183336000191
141,3,0.516719099949114,0.1,0.051671909994911405,1,181.01904040004592
141,3,0.9655389999970794,0.1,0.09655389999970794,1,196.01974020001944
141,3,0.6497478000819688,0.1,0.06497478000819688,1,211.02045740000904
141,3,0.4500172999687493,0.1,0.045001729996874934,1,226.02113890007604
141,3,0.4330059000057531,0.1,0.04330059000057532,1,241.02201200008847
141,3,0.517076599993743,0.1,0.0517076599993743,1,256.0225822000066
141,3,0.5167485999409109,0.1,0.0516748599940911,1,271.0233187000267
141,3,0.500120399985462,0.1,0.0500120399985462,1,286.02399700006936
141,3,0.5168071000371128,0.1,0.051680710003711286,1,301.0249017000897
141,3,0.5834593999898061,0.1,0.05834593999898061,1,316.02550080011133
141,3,0.4833637999836355,0.1,0.04833637999836355,1,331.0427903000964
141,3,0.8000136000337079,0.1,0.0800013600033708,1,346.0434632000979
141,3,0.6833617000374375,0.1,0.06833617000374374,1,361.0441515001002
141,3,0.5664736999897853,0.1,0.05664736999897853,1,376.0449906000868
141,3,0.6000692999223247,0.1,0.06000692999223248,1,391.04554270009976
141,3,0.4998470999998969,0.1,0.04998470999998969,1,406.0463374000974
141,3,0.7001683000707997,0.1,0.07001683000707996,1,421.04707930004224
141,3,0.5503379999427125,0.1,0.05503379999427125,1,436.0477110000793
141,3,0.5169291000347584,0.1,0.051692910003475846,1,451.0484072000254
141,3,0.5668840000871569,0.1,0.056688400008715695,1,466.0491251000203
141,3,0.5500133000314236,0.1,0.05500133000314236,1,481.0497919000918
141,3,0.5833590000402182,0.1,0.05833590000402183,1,496.0504825001117
141,3,0.733269999967888,0.1,0.07332699999678881,1,511.0512092000572
141,3,0.4666677000932395,0.1,0.046666770009323955,1,526.0519724000478
141,3,0.5990443000337109,0.1,0.05990443000337109,1,541.0526479000691
141,3,0.4664055000757798,0.1,0.04664055000757798,1,556.0533527000807
141,3,0.8989438000135124,0.1,0.08989438000135125,1,571.0540457000025
141,3,0.6499586999416356,0.1,0.06499586999416355,1,586.054867100087
141,4,0.4833092999178914,0.05,0.024165464995894573,1,0.995915099978447
141,4,0.5167115000076574,0.05,0.025835575000382874,1,15.976771399960851
141,4,0.9152353999670596,0.05,0.045761769998352984,1,31.01110110001173
141,4,0.5000405999599029,0.05,0.025002029997995147,1,46.01155669998843
141,4,0.8666807999834418,0.05,0.0433340399991721,1,61.01223280001432
141,4,0.5333580999867995,0.05,0.026667904999339978,1,76.01293790002819
141,4,0.51753000007011,0.05,0.025876500003505498,1,91.01366810000036
141,4,0.6489118000026792,0.05,0.032445590000133966,1,106.014362399932
141,4,0.9655426000244915,0.05,0.04827713000122458,1,121.01512779993936
141,4,0.6832639001077041,0.05,0.03416319500538521,1,136.0157607999863
141,4,0.6169941999251021,0.05,0.030849709996255106,1,151.01646980002988
141,4,0.5331663999240845,0.05,0.02665831999620423,1,166.01717879995704
141,4,0.649974499945472,0.05,0.0324987249972736,1,181.0178734000073
141,4,1.0488179000094533,0.05,0.052440895000472665,1,196.0186000999529
141,4,0.5666814999422627,0.05,0.028334074997113136,1,211.0193207999692
141,4,0.499945000046921,0.05,0.024997250002346053,1,226.02009799995
141,4,0.5667393999174237,0.05,0.028336969995871188,1,241.02089429995976
141,4,0.5664592999964952,0.05,0.028322964999824764,1,256.0214400999248
141,4,0.4833534000208601,0.05,0.024167670001043005,1,271.02229460002854
141,4,0.6008205000543967,0.05,0.030041025002719837,1,286.0230227999855
141,4,0.9488568999804556,0.05,0.047442844999022786,1,301.0237732999958
141,4,0.999108099960722,0.05,0.04995540499803611,1,316.02447539998684
141,4,0.4166762999957427,0.05,0.020833814999787134,1,331.0582767999731
141,4,0.6000600999686869,0.05,0.03000300499843435,1,346.05902960000094
141,4,0.8821885000215843,0.05,0.04410942500107922,1,361.0597474999959
141,4,0.4667349000229137,0.05,0.023336745001145687,1,376.0604449999519
141,4,0.4999687999952016,0.05,0.02499843999976008,1,391.061171600013
141,4,0.5500022000633749,0.05,0.027500110003168744,1,406.0619384000311
141,4,0.5501031000167131,0.05,0.027505155000835658,1,421.06250889995135
141,4,0.4833543000277134,0.05,0.024167715001385672,1,436.0632694000378
141,4,0.5166992000304163,0.05,0.025834960001520815,1,451.0639869000297
141,4,0.4166561999591067,0.05,0.020832809997955337,1,466.0646981999744
141,4,1.0323032999876889,0.05,0.05161516499938445,1,481.0654240000295
141,4,0.7822745000012219,0.05,0.0391137250000611,1,496.0661031999625
141,4,0.5324826999566881,0.05,0.026624134997834406,1,511.067253199988
141,4,0.6167042999295518,0.05,0.03083521499647759,1,526.0675394999562
141,4,0.4167637999635187,0.05,0.020838189998175938,1,541.0682135999668
141,4,0.5167683999752621,0.05,0.02583841999876311,1,556.0690505999373
141,4,0.6000694999238476,0.05,0.03000347499619238,1,571.0696963999653
141,4,0.5001241000136363,0.05,0.025006205000681816,1,586.0703841999639
142,1,1.283526699990034,0.525,0.6738515174947679,2,1.0025957999750972
142,1,0.8342060999711975,0.525,0.4379582024848787,2,15.98193899996113
142,1,0.9492098999908194,0.525,0.4983351974951802,2,30.98270249995403
142,1,4.732530000037514,0.525,2.4845782500196947,2,45.98338519991376
142,1,1.4500698000192649,0.525,0.7612866450101141,2,60.98406980000436
142,1,1.016878599999472,0.525,0.5338612649997229,2,76.00154630001634
142,1,0.5000110000837594,0.525,0.2625057750439737,1,91.00224319996778
142,1,0.7334061999572441,0.525,0.3850382549775532,2,106.00291259994265
142,1,1.0667495999950916,0.525,0.5600435399974231,2,121.00367969996296
142,1,0.416671400074847,0.525,0.21875248503929468,1,136.0043222999666
142,1,2.5654455000767484,0.525,1.346858887540293,2,151.0050805999199
142,1,0.7499840999953449,0.525,0.39374165249755605,2,166.00570739991963
142,1,0.933154600090376,0.525,0.48990616504744744,2,181.00642719992905
142,1,0.4165351999690756,0.525,0.2186809799837647,1,196.00734929996543
142,1,0.416735399980098,0.525,0.21878608498955146,1,211.00792669993825
142,1,3.0489105000160635,0.525,1.6006780125084334,2,226.0085604999913
142,1,1.4153880999656394,0.525,0.7430787524819608,2,256.00998259999324
142,1,1.8488655999535688,0.525,0.9706544399756236,2,271.01068319997285
142,1,3.415590399992652,0.525,1.7931849599961422,2,286.01145210000686
142,1,4.882377099944279,0.525,2.563247977470746,2,301.012138399994
142,1,1.1000175999943167,0.525,0.5775092399970163,2,316.0128223999636
142,1,0.8501271000131965,0.525,0.4463167275069282,2,331.01356899994425
142,1,0.4334544000448659,0.525,0.2275635600235546,1,346.0142404999351
142,1,0.5330511999782175,0.525,0.2798518799885642,1,361.03167309996206
142,1,0.4832554999738363,0.525,0.25370913748626406,1,376.0322552999714
142,1,0.4332983000203967,0.525,0.22748160751070828,1,391.0330807999708
142,1,0.6167439999990165,0.525,0.3237905999994837,2,406.03371389990207
142,1,0.583513299934566,0.525,0.30634448246564716,1,421.03444949991535
142,1,0.5335556999780238,0.525,0.28011674248846247,1,436.035129899974
142,1,1.0322505000513047,0.525,0.5419315125269349,2,451.0358884999296
142,1,0.4324138000375228,0.525,0.22701724501969947,1,466.0365466999356
142,1,0.5665251000319245,0.525,0.29742567751676036,1,481.0373756999616
142,1,0.7836521000135688,0.525,0.41141735250712363,2,496.0380223999964
142,1,11.418073200038634,0.525,5.994488430020283,2,526.0394409999717
142,1,0.4480882999487221,0.525,0.23524635747307912,1,541.0401406999445
142,1,0.9500486999750136,0.525,0.4987755674868822,2,556.0408176999772
142,1,0.4999768999405205,0.525,0.2624878724687733,1,571.0415313999401
142,1,0.450170399970375,0.525,0.2363394599844469,1,586.0424556999933
142,2,2.244977099937387,0.75,1.68373282495304,2,1.0369627999607474
142,2,0.4666358999675135,0.75,0.3499769249756351,2,16.015901199891232
142,2,0.3500765000935644,0.75,0.2625573750701733,1,31.01653989998158
142,2,0.4005257999524469,0.75,0.30039434996433517,1,46.01730269996915
142,2,0.4666471000527963,0.75,0.34998532503959723,2,61.03471629996784
142,2,0.5166404000483453,0.75,0.387480300036259,2,76.03537249995861
142,2,1.7487477000104263,0.75,1.3115607750078198,2,91.03609469998628
142,2,0.450672400067575,0.75,0.3380043000506812,2,106.03680859995076
142,2,0.4167722000274807,0.75,0.31257915002061054,2,121.0375698999269
142,2,0.4500981000019239,0.75,0.3375735750014429,2,136.03819999995176
142,2,0.4167208999861032,0.75,0.3125406749895774,2,151.03891129989643
142,2,0.483225700096227,0.75,0.36241927507217025,2,166.03956419997849
142,2,0.7495165000436828,0.75,0.5621373750327621,2,181.04031620000023
142,2,0.7667479999363422,0.75,0.5750609999522567,2,196.0410416999366
142,2,0.7335310999769715,0.75,0.5501483249827286,2,211.041734599974
142,2,0.6167251000879341,0.75,0.4625438250659506,2,226.0423523999052
142,2,0.6501383999130042,0.75,0.4876037999347531,2,241.0429162998917
142,2,0.3009970999555662,0.75,0.22574782496667467,1,256.04389169998467
142,2,1.8333647999679676,0.75,1.3750235999759757,2,271.04447289998643
142,2,0.416652500047348,0.75,0.312489375035511,2,286.0452121999115
142,2,1.2154433999676255,0.75,0.9115825499757191,2,301.045995799941
142,2,0.5835859000217172,0.75,0.4376894250162879,2,316.0466105999658
142,2,0.5497183999978008,0.75,0.4122887999983506,2,331.04737209994346
142,2,0.4500190999824554,0.75,0.33751432498684153,2,346.06475389993284
142,2,0.4167440999299856,0.75,0.3125580749474892,2,361.06547339994
142,2,0.551024799933657,0.75,0.4132685999502428,2,376.06615509989206
142,2,0.4333219999680295,0.75,0.3249914999760221,2,391.0668558999896
142,2,1.1156185999279842,0.75,0.8367139499459881,2,406.0674830999924
142,2,0.3834576000227234,0.75,0.2875932000170425,1,421.0683369999752
142,2,0.350029499968457,0.75,0.26252212497634275,1,436.0690039999317
142,2,1.1321722000138834,0.75,0.8491291500104126,2,451.0696484999498
142,2,1.1488025999860838,0.75,0.8616019499895629,2,466.070474899956
142,2,0.483335500000976,0.75,0.362501625000732,2,481.0711331999628
142,2,0.6665909000439569,0.75,0.4999431750329677,2,496.07184709992725
142,2,0.7166639999486506,0.75,0.537497999961488,2,511.0725019999081
142,2,0.5663687000051141,0.75,0.42477652500383556,2,526.0732438999694
142,2,0.4333132000174373,0.75,0.32498490001307795,2,541.0738927999046
142,2,0.449877499951981,0.75,0.33740812496398576,2,556.0746770999394
142,2,-9.801364099956118,0.75,,2,586.0760705999564
142,3,0.3667614000150934,0.8,0.2934091200120747,1,1.0743009999860078
142,3,0.8334221000550315,0.8,0.6667376800440252,2,16.061876199906692
142,3,0.8334524000529202,0.8,0.6667619200423363,2,31.06258219992742
142,3,0.8002114000264555,0.8,0.6401691200211644,2,46.08000949991401
142,3,1.2155715000117198,0.8,0.9724572000093759,2,61.080630799988285
142,3,0.9667141999816518,0.8,0.7733713599853215,2,76.0813587999437
142,3,1.6676434000255398,0.8,1.334114720020432,2,91.0820161999436
142,3,0.5833716000197597,0.8,0.4666972800158078,2,106.08297569991556
142,3,0.4835405000485624,0.8,0.38683240003884994,2,121.08376660000069
142,3,3.0821313000051305,0.8,2.4657050400041047,2,136.084375299979
142,3,0.5500758000416681,0.8,0.4400606400333345,2,151.08513349993154
142,3,0.7655926999868825,0.8,0.612474159989506,2,166.0857617999427
142,3,1.632060799980536,0.8,1.305648639984429,2,181.08650909992863
142,3,1.0000418999698013,0.8,0.800033519975841,2,196.0872269999236
142,3,0.4331301000202072,0.8,0.3465040800161658,2,211.0877337999409
142,3,0.3999469999689609,0.8,0.3199575999751687,2,226.08845139993355
142,3,1.248806899995543,0.8,0.9990455199964345,2,241.08917799999472
142,3,0.683303700061515,0.8,0.546642960049212,2,256.0898858999135
142,3,0.483440599986352,0.8,0.38675247998908163,2,271.0905301999301
142,3,0.3166674999520182,0.8,0.2533339999616146,1,286.0911618999671
142,3,0.4330656999954956,0.8,0.3464525599963965,2,301.0920164999552
142,3,0.4995490999427261,0.8,0.3996392799541809,2,316.092701699934
142,3,0.3842513000126928,0.8,0.3074010400101543,1,331.09332669992
142,3,0.3332810999127105,0.8,0.2666248799301684,1,346.11070469999686
142,3,0.4498166999546811,0.8,0.3598533599637449,2,361.1114921999397
142,3,0.6331849999260157,0.8,0.5065479999408126,2,376.1122221999103
142,3,0.932681899983436,0.8,0.7461455199867488,2,391.1129577999236
142,3,0.9824769000988454,0.8,0.7859815200790763,2,406.1135684999172
142,3,0.4347432999638838,0.8,0.34779463997110704,2,421.1142799999798
142,3,0.4999952999642119,0.8,0.3999962399713695,2,436.1149704999989
142,3,0.3500585999572649,0.8,0.28004687996581196,1,451.1156898000045
142,3,1.0001148999435827,0.8,0.8000919199548662,2,466.1163930000039
142,3,0.4834581000031903,0.8,0.38676648000255226,2,481.1171069999691
142,3,0.4008947999682277,0.8,0.3207158399745822,2,496.117824499961
142,3,0.433244000072591,0.8,0.3465952000580728,2,511.1184937999351
142,3,0.5167171000502999,0.8,0.41337368004023994,2,526.1191886999877
142,3,0.6000162999844181,0.8,0.4800130399875345,2,541.1198983999202
142,3,0.4668107999023054,0.8,0.37344863992184435,2,556.1206761000212
142,3,0.4998145999852568,0.8,0.3998516799882055,2,571.1214754999382
142,3,0.3334341000299901,0.8,0.26674728002399206,1,586.1221373999724
142,4,0.399840300087817,0.875,0.3498602625768399,2,1.0046831999206915
142,4,0.3502392000518721,0.875,0.30645930004538807,1,15.986189399962312
142,4,0.3833518999163061,0.875,0.3354329124267678,2,31.00376160000451
142,4,0.4163800999522209,0.875,0.3643325874581933,2,46.004417499993
142,4,0.6834395999321714,0.875,0.59800964994065,2,61.00521370000206
142,4,0.815702100051567,0.875,0.7137393375451211,2,76.00579929992091
142,4,0.8321223999373615,0.875,0.7281070999451913,2,91.00665039999876
142,4,0.450014299945906,0.875,0.3937625124526678,2,106.00732869992498
142,4,0.5167192999506511,0.875,0.45212938745681974,2,121.00837529997808
142,4,0.5831558000063524,0.875,0.5102613250055583,2,136.00872209994122
142,4,0.7332693999633193,0.875,0.6416107249679044,2,151.009416099987
142,4,1.166645399993285,0.875,1.0208147249941244,2,166.01013309997506
142,4,0.6171170000453117,0.875,0.5399773750396477,2,181.0107963000192
142,4,0.5500916999299363,0.875,0.4813302374386943,2,196.01153239991984
142,4,0.5833950999658271,0.875,0.5104707124700987,2,211.01238119998013
142,4,0.4512313000158769,0.875,0.3948273875138923,2,226.0130507999565
142,4,0.4500312999589368,0.875,0.3937773874640697,2,241.0136601999402
142,4,0.450078499969095,0.875,0.3938186874729581,2,256.0143786999397
142,4,0.4000220000743861,0.875,0.35001925006508783,2,271.0151038999902
142,4,0.3498753999592736,0.875,0.3061409749643644,1,286.01584919996094
142,4,0.4166269999695942,0.875,0.3645486249733949,2,301.01647479995154
142,4,0.500068899942562,0.875,0.43756028744974174,2,316.0505222999491
142,4,0.4500205999938771,0.875,0.3937680249946425,2,331.0512761999853
142,4,0.4166325000114736,0.875,0.36455343751003944,2,346.0519648999907
142,4,0.5676646999782522,0.875,0.4967066124809707,2,361.0526578999125
142,4,0.4332079000305953,0.875,0.3790569125267709,2,376.0533227999695
142,4,0.5507566999876872,0.875,0.4819121124892263,2,391.0541845000116
142,4,0.5501733000855893,0.875,0.48140163757489063,2,406.0547562999418
142,4,0.9170137000037356,0.875,0.8023869875032686,2,421.05546719999984
142,4,0.3667224000673743,0.875,0.3208821000589525,2,436.05620759993326
142,4,0.4165888000279663,0.875,0.36451520002447046,2,451.0569106999319
142,4,0.3999604999553412,0.875,0.34996543746092357,2,466.0576289999299
142,4,0.533203799976036,0.875,0.46655332497903146,2,481.0583199999528
142,4,0.4334058000239906,0.875,0.37923007502099176,2,496.0591599999461
142,4,0.4167967999819668,0.875,0.36469719998422095,2,511.0597250999417
142,4,1.282269199960865,0.875,1.121985549965757,2,526.0604618999641
142,4,0.6665369999827817,0.875,0.583219874984934,2,541.0611766999355
142,4,0.6677319000009447,0.875,0.5842654125008266,2,556.0618156999117
142,4,0.8834585000295192,0.875,0.7730261875258293,2,571.0625912999967
142,4,0.4499353999271989,0.875,0.393693474936299,2,586.0632567999419
